<?xml version="1.0" encoding="UTF-8" standalone="yes"?>
<addon id="plugin.video.rugbypass" name="RugbyPass" provider-name="MattHuisman.nz" version="0.20.0">
  <requires>
    <import addon="xbmc.python" version="2.1.0"/>
    <import addon="script.module.requests"/>
  </requires>
  <extension point="xbmc.python.pluginsource" library="default.py" provides="video">
    <provides>video</provides>
  </extension>
  <extension point="xbmc.service" library="service.py" start="login"/>
  <extension point="xbmc.addon.metadata">
    <description lang="en">Watch Rugby from RugbyPass.com. RugbyPass.com subscription required.</description>
    <reuselanguageinvoker>true</reuselanguageinvoker>
    <license>GNU General Public License, v2</license>
    <language/>
    <website>https://www.matthuisman.nz/2017/08/rugbypass-kodi-add-on.html</website>
    <news>0.20.0 #ba58322 (07/01/2019)
- Remove mjh proxy. Try to reduce service memory use</news>
  </extension>
</addon>
