<?xml version="1.0" encoding="UTF-8" standalone="yes"?>
<addon id="plugin.video.au.freeview" name="IPTV AU" provider-name="MattHuisman.nz" version="0.7.0">
  <requires>
    <import addon="script.module.matthuisman"/>
  </requires>
  <extension point="xbmc.python.pluginsource" library="default.py" provides="video">
    <provides>video</provides>
  </extension>
  <extension point="xbmc.addon.metadata">
    <description lang="en">Watch all your favourite AU IPTV streams!
You can change the region (default = Sydney) in the addon settings.</description>
    <license>GNU General Public License, v2</license>
    <language/>
    <website>https://www.matthuisman.nz/2017/08/au-freeview-kodi-add-on.html</website>
    <news>0.7.0 #a5b8cef (17/07/2018)
- Update for new settings
- Update to new settings
- Disable view cache
- Update to work with renamed test
- Update cache</news>
  </extension>
</addon>
