<?xml version="1.0" encoding="UTF-8" standalone="yes"?>
<addon id="service.gpio.monitor" name="GPIO Monitor" provider-name="MattHuisman.nz" version="0.2.1">
  <requires>
    <import addon="script.module.matthuisman"/>
  </requires>
  <extension point="xbmc.service" library="service.py" start="login"/>
  <extension point="xbmc.addon.metadata">
    <platform>linux</platform>
    <description lang="en">Monitors a GPIO pin and runs a KODI function (eg. Shutdown) when it changes (Raspberry Pi Only)</description>
    <license>GNU General Public License, v2</license>
    <language/>
    <website>https://www.matthuisman.nz/2016/11/kodi-gpio-monitor-service-addon.html</website>
    <news>0.2.1 #0c3420a (17/07/2018)
- </news>
  </extension>
</addon>
