<?xml version="1.0" encoding="UTF-8" standalone="yes"?>
<addon id="plugin.audio.nz.radio" name="RADIO NZ" provider-name="MattHuisman.nz" version="0.7.0">
  <requires>
    <import addon="xbmc.python" version="2.1.0"/>
    <import addon="script.module.requests"/>
  </requires>
  <extension point="xbmc.python.pluginsource" library="default.py" provides="audio">
    <provides>audio</provides>
  </extension>
  <extension point="xbmc.addon.metadata">
    <description lang="en">Easily listen to all your favourite NZ radio stations</description>
    <reuselanguageinvoker>true</reuselanguageinvoker>
    <license>GNU General Public License, v2</license>
    <language/>
    <website>https://www.matthuisman.nz/2017/05/nz-radio-kodi-add-on.html</website>
    <news>0.7.0 #5a4161b (12/10/2018)
- Update README.md
Create README.md
Migrate to latest common</news>
  </extension>
</addon>
