<?xml version="1.0" encoding="UTF-8" standalone="yes"?>
<addon id="plugin.audio.au.radio" name="RADIO AU" provider-name="MattHuisman.nz" version="0.6.0">
  <requires>
    <import addon="xbmc.python" version="2.1.0"/>
    <import addon="script.module.requests"/>
  </requires>
  <extension point="xbmc.python.pluginsource" library="default.py" provides="audio">
    <provides>audio</provides>
  </extension>
  <extension point="xbmc.addon.metadata">
    <description lang="en">Easily listen to all your favourite AU radio stations. 
You can change the region (default = Sydney) in the addon settings.</description>
    <reuselanguageinvoker>true</reuselanguageinvoker>
    <license>GNU General Public License, v2</license>
    <language/>
    <website>https://www.matthuisman.nz/2017/08/au-radio-kodi-add-on.html</website>
    <news>0.6.0 #2d71f33 (12/10/2018)
- Migrate to latest common</news>
  </extension>
</addon>
