<?xml version="1.0" encoding="UTF-8" standalone="yes"?>
<addon id="plugin.video.three.now" name="ThreeNow" provider-name="MattHuisman.nz" version="0.4.0">
  <requires>
    <import addon="script.module.matthuisman"/>
  </requires>
  <extension point="xbmc.python.pluginsource" library="default.py" provides="video">
    <provides>video</provides>
  </extension>
  <extension point="xbmc.addon.metadata">
    <description lang="en">Watch the latest TV On Demand episodes of all your favourite shows from Three with ThreeNow</description>
    <license>GNU General Public License, v2</license>
    <language/>
    <website>https://www.matthuisman.nz/2017/03/threenow-kodi-add-on.html</website>
    <news>0.4.0 #6f17710 (17/07/2018)
- Update to work with new settings
- Add logging
- Update to work with renamed test
- Update cache expires
- Add cache times</news>
  </extension>
</addon>
