<?xml version="1.0" encoding="UTF-8" standalone="yes"?>
<addon id="plugin.video.tvnz.ondemand" name="TVNZ OnDemand" provider-name="MattHuisman.nz" version="0.4.0">
  <requires>
    <import addon="script.module.matthuisman"/>
  </requires>
  <extension library="default.py" point="xbmc.python.pluginsource" provides="video">
    <provides>video</provides>
  </extension>
  <extension point="xbmc.addon.metadata">
    <description lang="en">Watch your favourite shows from TVNZ OnDemand</description>
    <license>GNU General Public License, v2</license>
    <language/>
    <website>https://www.matthuisman.nz/2017/02/kodi-tvnz-ondemand-add-on.html</website>
    <news>0.4.0 #f54ea0f (17/07/2018)
- Fix live streams
- Fix setting
- Update to new settings
- Merge branch 'master' of https://github.com/matthuisman/plugin.video.tvnz.ondemand
- Add IA disable option</news>
  </extension>
</addon>
