<?xml version="1.0" encoding="UTF-8" standalone="yes"?>
<addon id="plugin.audio.nz.radio" name="RADIO NZ" provider-name="MattHuisman.nz" version="0.6.0">
  <requires>
    <import addon="script.module.matthuisman"/>
  </requires>
  <extension point="xbmc.python.pluginsource" library="default.py" provides="audio">
    <provides>audio</provides>
  </extension>
  <extension point="xbmc.addon.metadata">
    <description lang="en">Easily listen to all your favourite NZ radio stations</description>
    <license>GNU General Public License, v2</license>
    <language/>
    <website>https://www.matthuisman.nz/2017/05/nz-radio-kodi-add-on.html</website>
    <news>0.6.0 #883c253 (17/07/2018)
- Update to new settings
- Disable view cache
- Update to work with renamed test
- dont cache view
- Migrate to new module</news>
  </extension>
</addon>
