<?xml version="1.0" encoding="UTF-8" standalone="yes"?>
<addon id="service.gpio.monitor" name="GPIO Monitor" provider-name="MattHuisman.nz" version="0.4.0">
  <requires>
    <import addon="xbmc.python" version="2.1.0"/>
  </requires>
  <extension point="xbmc.service" library="service.py" start="login"/>
  <extension point="xbmc.python.pluginsource" library="default.py">
    <provides>executable</provides>
  </extension>
  <extension point="xbmc.addon.metadata">
    <description lang="en">Monitors GPIO pins and runs KODI function(s) (eg. Shutdown) when it changes (Raspberry Pi Only)</description>
    <reuselanguageinvoker>true</reuselanguageinvoker>
    <license>GNU General Public License, v2</license>
    <language/>
    <website>https://www.matthuisman.nz/2016/11/kodi-gpio-monitor-service-addon.html</website>
    <news>0.4.0 #51c9f1f (08/10/2018)
- Remove Requests dependency
- Require restart for all systems
- was -&gt; is
- Fix language strings
- Remove un-required check</news>
  </extension>
</addon>
