<?xml version="1.0" encoding="UTF-8" standalone="yes"?>
<addon id="plugin.video.udemy" name="Udemy" provider-name="MattHuisman.nz" version="0.5.0">
  <requires>
    <import addon="xbmc.python" version="2.1.0"/>
    <import addon="script.module.requests"/>
  </requires>
  <extension point="xbmc.python.pluginsource" library="default.py" provides="video">
    <provides>video</provides>
  </extension>
  <extension point="xbmc.addon.metadata">
    <description lang="en">Online Courses - Learn Anything, On Your Schedule</description>
    <reuselanguageinvoker>true</reuselanguageinvoker>
    <license>GNU General Public License, v2</license>
    <language/>
    <website>https://www.matthuisman.nz/2018/08/udemy-kodi-add-on.html</website>
    <news>0.5.0 #2059eac (09/10/2018)
- Migrate to latest common</news>
  </extension>
</addon>
