<?xml version="1.0" encoding="UTF-8" standalone="yes"?>
<addon id="plugin.audio.au.radio" name="RADIO AU" provider-name="MattHuisman.nz" version="0.5.0">
  <requires>
    <import addon="script.module.matthuisman"/>
  </requires>
  <extension point="xbmc.python.pluginsource" library="default.py" provides="audio">
    <provides>audio</provides>
  </extension>
  <extension point="xbmc.addon.metadata">
    <description lang="en">Easily listen to all your favourite AU radio stations. 
You can change the region (default = Sydney) in the addon settings.</description>
    <license>GNU General Public License, v2</license>
    <language/>
    <website>https://www.matthuisman.nz/2017/08/au-radio-kodi-add-on.html</website>
    <news>0.5.0 #074f158 (17/07/2018)
- Update to new settings
- Disable cache
- Update to work with renamed test
- Dont cache view
- Migrate to new module</news>
  </extension>
</addon>
