<?xml version="1.0" encoding="UTF-8" standalone="yes"?>
<addon id="plugin.video.tvnz.ondemand" name="TVNZ OnDemand" provider-name="MattHuisman.nz" version="0.8.1">
  <requires>
    <import addon="xbmc.python" version="2.1.0"/>
    <import addon="script.module.requests"/>
  </requires>
  <extension point="xbmc.python.pluginsource" library="default.py" provides="video">
    <provides>video</provides>
  </extension>
  <extension point="xbmc.addon.metadata">
    <description lang="en">Watch your favourite shows from TVNZ OnDemand</description>
    <reuselanguageinvoker>true</reuselanguageinvoker>
    <license>GNU General Public License, v2</license>
    <language/>
    <website>https://www.matthuisman.nz/2017/02/kodi-tvnz-ondemand-add-on.html</website>
    <news>0.8.1 #300da8b (19/09/2018)
- Fix missing constant bug</news>
  </extension>
</addon>
