<?xml version="1.0" encoding="UTF-8" standalone="yes"?>
<addon id="plugin.video.nz.freeview" name="IPTV NZ" provider-name="MattHuisman.nz" version="0.8.0">
  <requires>
    <import addon="xbmc.python" version="2.1.0"/>
    <import addon="script.module.requests"/>
  </requires>
  <extension point="xbmc.python.pluginsource" library="default.py" provides="video">
    <provides>video</provides>
  </extension>
  <extension point="xbmc.addon.metadata">
    <description lang="en">Easily watch your favourite NZ IPTV streams</description>
    <reuselanguageinvoker>true</reuselanguageinvoker>
    <license>GNU General Public License, v2</license>
    <language/>
    <website>https://www.matthuisman.nz/2017/06/nz-freeview-kodi-add-on.html</website>
    <news>0.8.0 #5d78513 (12/10/2018)
- Create README.md
Migrate to latest common</news>
  </extension>
</addon>
