<?xml version="1.0" encoding="UTF-8" standalone="yes"?>
<addon id="script.module.matthuisman" name="(OLD) MattHuisman.nz Common" provider-name="MattHuisman.nz" version="0.18.1">
  <requires>
  </requires>
  <extension point="xbmc.addon.metadata">
    <description lang="en">(OLD) Remove me!</description>
    <license>GNU General Public License, v2</license>
    <language/>
    <website>https://www.matthuisman.nz</website>
    <news>0.18.1 #52ae815 (06/08/2018)
- Add OLD to name
- Depreciate old common module
- .
- Missing log
- Only show clear cache context when cache enabled</news>
  </extension>
</addon>
