<?xml version="1.0" encoding="UTF-8" standalone="yes"?>
<addon id="plugin.video.lightbox" name="Lightbox" provider-name="MattHuisman.nz" version="0.3.1">
  <requires>
    <import addon="xbmc.python" version="2.1.0"/>
    <import addon="script.module.requests"/>
  </requires>
  <extension library="default.py" point="xbmc.python.pluginsource" provides="video">
    <provides>video</provides>
  </extension>
  <extension point="xbmc.addon.metadata">
    <description lang="en">Watch your favourite shows from Lightbox.
Lightbox subscription required.</description>
    <license>GNU General Public License, v2</license>
    <language/>
    <website>https://www.matthuisman.nz/2018/06/lightbox-kodi-add-on.html</website>
    <news>0.3.1 #f7bfc20 (06/08/2018)
- Add submodule</news>
  </extension>
</addon>
