<?xml version="1.0" encoding="UTF-8" standalone="yes"?>
<addon id="plugin.video.fanpass" name="Fan Pass" provider-name="MattHuisman.nz" version="0.11.0">
  <requires>
    <import addon="xbmc.python" version="2.1.0"/>
    <import addon="script.module.requests"/>
  </requires>
  <extension point="xbmc.python.pluginsource" library="default.py" provides="video">
    <provides>video</provides>
  </extension>
  <extension point="xbmc.addon.metadata">
    <description lang="en">FAN PASS is your all access, full contact, dream pass to live sport online. Subscription required.</description>
    <reuselanguageinvoker>true</reuselanguageinvoker>
    <license>GNU General Public License, v2</license>
    <language/>
    <website>https://www.matthuisman.nz/2018/06/fan-pass-kodi-add-on.html</website>
    <news>0.11.0 #81cba09 (17/10/2018)
- Migrate to latest common</news>
  </extension>
</addon>
