<?xml version="1.0" encoding="UTF-8" standalone="yes"?>
<addon id="plugin.video.three.now" name="ThreeNow" provider-name="MattHuisman.nz" version="0.4.1">
  <requires>
    <import addon="xbmc.python" version="2.1.0"/>
    <import addon="script.module.requests"/>
  </requires>
  <extension point="xbmc.python.pluginsource" library="default.py" provides="video">
    <provides>video</provides>
  </extension>
  <extension point="xbmc.addon.metadata">
    <description lang="en">Watch the latest TV On Demand episodes of all your favourite shows from Three with ThreeNow</description>
    <license>GNU General Public License, v2</license>
    <language/>
    <website>https://www.matthuisman.nz/2017/03/threenow-kodi-add-on.html</website>
    <news>0.4.1 #c090de0 (06/08/2018)
- Add submodule</news>
  </extension>
</addon>
