<?xml version="1.0" encoding="UTF-8" standalone="yes"?>
<addon id="plugin.video.fanpass" name="Fan Pass" provider-name="MattHuisman.nz" version="0.7.0">
  <requires>
    <import addon="script.module.matthuisman"/>
  </requires>
  <extension point="xbmc.python.pluginsource" library="default.py" provides="video">
    <provides>video</provides>
  </extension>
  <extension point="xbmc.addon.metadata">
    <description lang="en">FAN PASS is your all access, full contact, dream pass to live sport online. Subscription required.</description>
    <license>GNU General Public License, v2</license>
    <language/>
    <website>https://www.matthuisman.nz/2018/06/fan-pass-kodi-add-on.html</website>
    <news>0.7.0 #c6f982e (17/07/2018)
- add kodi 18 tag to hls
- Update for new common settings
- Re-arrange menu
- use_ia default to false
- Refresh after login logout</news>
  </extension>
</addon>
