<?xml version="1.0" encoding="UTF-8" standalone="yes"?>
<addon id="plugin.video.showmax" name="Showmax" provider-name="MattHuisman.nz" version="0.18.0">
  <requires>
    <import addon="xbmc.python" version="2.1.0"/>
    <import addon="script.module.requests"/>
    <import addon="script.module.beautifulsoup4"/>
  </requires>
  <extension point="xbmc.python.pluginsource" library="default.py" provides="video">
    <provides>video</provides>
  </extension>
  <extension point="xbmc.addon.metadata">
    <description lang="en">Watch your favourite content from Showmax. Subscription required.</description>
    <reuselanguageinvoker>true</reuselanguageinvoker>
    <license>GNU General Public License, v2</license>
    <language/>
    <website>https://www.matthuisman.nz/2018/08/showmax-kodi-add-on.html</website>
    <news>0.18.0 #9af2b35 (20/09/2018)
- Migrate to correct new language layout
- Merge pull request #4 from xulek/patch-1
- Update Polish strings. Thanks @xulek 
Update strings.po</news>
  </extension>
</addon>
