<?xml version="1.0" encoding="UTF-8" standalone="yes"?>
<addon id="plugin.video.heihei" name="HEIHEI" provider-name="MattHuisman.nz" version="0.5.0">
  <requires>
    <import addon="script.module.matthuisman"/>
  </requires>
  <extension library="default.py" point="xbmc.python.pluginsource" provides="video">
    <provides>video</provides>
  </extension>
  <extension point="xbmc.addon.metadata">
    <description lang="en">HEIHEI is a bright and cheerful streaming platform filled exclusively with safe, ad-free, age-appropriate content for children.</description>
    <license>GNU General Public License, v2</license>
    <language/>
    <website>https://www.matthuisman.nz/2018/05/heihei-kodi-add-on.html</website>
    <news>0.5.0 #6a9c7f3 (17/07/2018)
- Update language id
- Import what needed
- Remove old code
- Add settings
- Update to work with renamed test</news>
  </extension>
</addon>
