<?xml version="1.0" encoding="UTF-8" standalone="yes"?>
<addon id="plugin.video.rugbypass" name="RugbyPass" provider-name="MattHuisman.nz" version="0.9.0">
  <requires>
    <import addon="script.module.matthuisman"/>
  </requires>
  <extension point="xbmc.python.pluginsource" library="default.py" provides="video">
    <provides>video</provides>
  </extension>
  <extension point="xbmc.service" library="service.py" start="login"/>
  <extension point="xbmc.addon.metadata">
    <description lang="en">Watch Rugby from RugbyPass.com. RugbyPass.com subscription required.</description>
    <license>GNU General Public License, v2</license>
    <language/>
    <website>https://www.matthuisman.nz/2017/08/rugbypass-kodi-add-on.html</website>
    <news>0.9.0 #4ef3ac8 (17/07/2018)
- Update no games found label
- Update for new settings
- Update to work with new settings
- Re-arrange menu
- Update IA label\</news>
  </extension>
</addon>
