<?xml version="1.0" encoding="UTF-8" standalone="yes"?>
<addon id="service.gpio.monitor" name="GPIO Monitor" provider-name="MattHuisman.nz" version="0.11.0">
  <requires>
    <import addon="xbmc.python" version="2.1.0"/>
  </requires>
  <extension point="xbmc.service" library="service.py" start="login"/>
  <extension point="xbmc.python.pluginsource" library="default.py">
    <provides>executable</provides>
  </extension>
  <extension point="xbmc.addon.metadata">
    <description lang="en">Monitors GPIO pins and runs KODI function(s) (eg. Shutdown) when it changes (Raspberry Pi Only)</description>
    <reuselanguageinvoker>true</reuselanguageinvoker>
    <license>GNU General Public License, v2</license>
    <language/>
    <website>https://www.matthuisman.nz/2018/10/gpio-monitor-kodi-add-on.html</website>
    <news>0.11.0 #0e9ade9 (19/12/2018)
- Support Raspbian</news>
  </extension>
</addon>
