<?xml version="1.0" encoding="UTF-8" standalone="yes"?>
<addon id="plugin.video.superview" name="SuperView" provider-name="MattHuisman.nz" version="0.2.0">
  <requires>
    <import addon="xbmc.python" version="2.1.0"/>
    <import addon="script.module.requests"/>
    <import addon="script.module.beautifulsoup4"/>
  </requires>
  <extension point="xbmc.python.pluginsource" library="default.py" provides="video">
    <provides>video</provides>
  </extension>
  <extension point="xbmc.addon.metadata">
    <description lang="en">Watch all Australia Supercars Championship races.
Subscription required.</description>
    <reuselanguageinvoker>true</reuselanguageinvoker>
    <license>GNU General Public License, v2</license>
    <language/>
    <website>https://www.matthuisman.nz/2018/10/superview-kodi-add-on.html</website>
    <news>0.2.0 #3eb5a39 (24/10/2018)
- Add option to save password for auto login on session expiry (48 hours)</news>
  </extension>
</addon>
