<?xml version="1.0" encoding="UTF-8" standalone="yes"?>
<addon id="plugin.video.skygo.nz" name="SKY GO" provider-name="MattHuisman.nz" version="0.7.0">
  <requires>
    <import addon="xbmc.python" version="2.1.0"/>
    <import addon="script.module.requests"/>
  </requires>
  <extension point="xbmc.python.pluginsource" library="default.py" provides="video">
    <provides>video</provides>
  </extension>
  <extension point="xbmc.addon.metadata">
    <description lang="en">Watch live channels from SKY GO (New Zealand). Subscription required.</description>
    <reuselanguageinvoker>true</reuselanguageinvoker>
    <license>GNU General Public License, v2</license>
    <language/>
    <website>https://www.matthuisman.nz/2018/08/sky-go-kodi-add-on.html</website>
    <news>0.7.0 #622f4e7 (18/10/2018)
- Add initial Movies support</news>
  </extension>
</addon>
