<?xml version="1.0" encoding="UTF-8" standalone="yes"?>
<addon id="plugin.video.dstv.now" name="DStv Now" provider-name="MattHuisman.nz" version="0.9.0">
  <requires>
    <import addon="xbmc.python" version="2.1.0"/>
    <import addon="script.module.requests"/>
  </requires>
  <extension point="xbmc.python.pluginsource" library="default.py" provides="video">
    <provides>video</provides>
  </extension>
  <extension point="xbmc.addon.metadata">
    <description lang="en">Watch your favourite content from DStv. Subscription required.</description>
    <reuselanguageinvoker>true</reuselanguageinvoker>
    <license>GNU General Public License, v2</license>
    <language/>
    <website>https://www.matthuisman.nz/2018/09/dstv-now-kodi-add-on.html</website>
    <news>0.9.0 #6dc7a6f (08/11/2018)
- Add 'Series' ondemand</news>
  </extension>
</addon>
