<?xml version="1.0" encoding="UTF-8" standalone="yes"?>
<addon id="repository.matthuisman" name="MattHuisman.nz Repository" provider-name="MattHuisman.nz" version="0.2.1">
  <extension point="xbmc.addon.repository" name="MattHuisman.nz Repository">
    <dir>
      <info compressed="false">https://raw.githubusercontent.com/matthuisman/kodi-repo/stable/addons.xml</info>
      <checksum>https://raw.githubusercontent.com/matthuisman/kodi-repo/stable/addons.xml.md5</checksum>
      <datadir zip="true">https://raw.githubusercontent.com/matthuisman/kodi-repo/stable/</datadir>
    </dir>
  </extension>
  <extension point="xbmc.addon.metadata">
    <platform>all</platform>
    <description lang="en">Addons by MattHuisman.nz</description>
    <license>GNU General Public License, v2</license>
    <language/>
    <website>https://www.matthuisman.nz/2017/03/install-matthuisman-kodi-repo.html</website>
    <news>0.2.1 #4c5133e (17/07/2018)
- Switch back to stable branch
- Move to testing branch</news>
  </extension>
</addon>
