<?xml version="1.0" encoding="UTF-8" standalone="yes"?>
<addon id="plugin.video.lightbox" name="Lightbox" provider-name="MattHuisman.nz" version="0.3.0">
  <requires>
    <import addon="script.module.matthuisman"/>
  </requires>
  <extension library="default.py" point="xbmc.python.pluginsource" provides="video">
    <provides>video</provides>
  </extension>
  <extension point="xbmc.addon.metadata">
    <description lang="en">Watch your favourite shows from Lightbox.
Lightbox subscription required.</description>
    <license>GNU General Public License, v2</license>
    <language/>
    <website>https://www.matthuisman.nz/2018/06/lightbox-kodi-add-on.html</website>
    <news>0.3.0 #5d13b17 (17/07/2018)
- Update language ids
- Re-arrange menu
- Refresh after login / logout
- Update menu
- Fix wrong sys argv</news>
  </extension>
</addon>
